signal,column,N_files,SoC_point_%,slope_mV_per_%SoC,sigma_total_mV,detectability,SoC_uncertainty_%,threshold_direction,theta_mV_pooled,TPR_train,FPR_train,theta_mV_LOOCV_median,TPR_LOOCV_mean,FPR_LOOCV_mean,LOOCV_folds
sound,soundDroopMag_mV,14,0.0,-176.0881674749805,311.59024057562846,0.5651273517093383,1.7695126540509927,>=,21.0,1.0,1.0,21.0,0.9285714285714286,0.9285714285714286,14.0
bolt,boltDroopMag_mV,14,0.0,-209.37775654438744,401.4245597840299,0.5215868123690155,1.9172263874120226,>=,149.0,1.0,1.0,149.0,0.9285714285714286,0.9285714285714286,14.0
relaxed,batt_mV,14,0.0,42.32580847484282,304.946013957506,0.13879771020958775,7.20472980778989,<=,2613.0,1.0,0.2857142857142857,2613.0,0.9285714285714286,0.2857142857142857,14.0
bolt,boltDroopMag_mV,14,10.0,-25.198011787384157,58.95722875911675,0.4273947795330815,2.3397571703905133,>=,285.5,1.0,0.07142857142857142,285.5,0.9285714285714286,0.07142857142857142,14.0
sound,soundDroopMag_mV,14,10.0,-10.346539079116758,31.924688640779955,0.324092090467573,3.0855427497699295,>=,170.0,1.0,0.7142857142857143,170.0,0.9285714285714286,0.7142857142857143,14.0
relaxed,batt_mV,14,10.0,19.440560466339157,85.9636888445104,0.22614851372307787,4.421872969833065,<=,2762.3333333333335,1.0,0.5,2762.3333333333335,0.9285714285714286,0.5,14.0
