temp_c,V_median_mV,n_files,fit_intercept_mV,fit_K_mV_per_C,fit_R2,fit_n_temps,D_STRONG_mV
-20.0,2681.0,13,2777.15151676992,3.4329737235633426,0.8877111202261162,3,93.87892597735551
20.0,2901.5,14,2777.15151676992,3.4329737235633426,0.8877111202261162,3,93.87892597735551
59.0,2951.5,13,2777.15151676992,3.4329737235633426,0.8877111202261162,3,93.87892597735551
