temp_c,V_median_mV,n_files,fit_intercept_mV,fit_K_mV_per_C,fit_R2,fit_n_temps,D_STRONG_mV
-20.0,2698.0,15,2788.3071459089933,3.302179021576594,0.9037604899352103,3,84.02876041444152
20.0,2903.5,12,2788.3071459089933,3.302179021576594,0.9037604899352103,3,84.02876041444152
59.0,2958.25,12,2788.3071459089933,3.302179021576594,0.9037604899352103,3,84.02876041444152
